,Sets
Played,,Sets
Scheduled,Points
won,W,L
Passbyword,43,/,43,82,40,3
playerzero,43,/,43,81,39,4
Thiago,43,/,43,78,38,5
Neryth,43,/,43,75,35,8
Salad,43,/,43,74,33,10
HonorNite,41,/,43,72,34,7
ShironaNep,42,/,43,71,35,7
ChinaTV,43,/,43,71,33,10
Symes,43,/,43,70,33,10
a4average,43,/,43,68,29,14
Soren,37,/,43,56,25,12
Rocku,43,/,43,56,23,20
DemonCorsair,43,/,43,53,22,21
Not3rdPerson,35,/,43,49,23,12
Nonstopmop,28,/,43,44,20,8
mars,37,/,43,42,19,18
enduringray,37,/,43,39,15,22
Rockin,33,/,43,35,15,18
Josue,25,/,43,34,17,8
Alpha,42,/,43,34,12,30
BitMuffin,28,/,43,33,13,15
osiahene,31,/,43,31,14,17
Alrysc,43,/,43,30,11,32
hoodies,22,/,43,28,13,9
WeenieWhistle,26,/,43,27,10,16
Shadow,29,/,43,26,10,19
SoniSwitch,30,/,43,26,8,22
Uvu,25,/,43,25,9,16
Master S1X,28,/,43,25,7,21
Whoop Whoop,21,/,43,24,10,11
ShinyTseul,31,/,43,24,8,23
Zerobillion,32,/,43,23,9,23
Mr.President,26,/,43,21,8,18
Makuto,34,/,43,19,6,28
GDarks,27,/,43,18,6,21
david,21,/,43,16,5,16
KayThree,19,/,43,12,5,14
Eurasia_M,21,/,43,12,5,16
H4zelWhite,18,/,43,9,2,16
à¶žorman ZZ,19,/,43,8,1,18
Beef,20,/,43,7,1,19
Cupcake,18,/,43,4,1,17
Null,22,/,43,4,1,21
Maplelink64,28,/,43,1,0,28
Darkmega07,0,/,43,0,0,0
Nahmoh,0,/,43,0,0,0
Soup,0,/,43,0,0,0
WIMDY,0,/,43,0,0,0
,0,/,43,0,0,0
,0,/,43,0,0,
,0,/,43,0,0,
,0,/,43,0,0,
,0,/,43,0,0,
,0,/,43,0,0,
,0,/,43,0,0,
,0,/,43,0,0,
,0,/,43,0,0,
,0,/,43,0,0,
,0,/,43,0,0,
,0,/,43,0,0,
,0,/,43,0,0,
,0,/,43,0,0,
,0,/,43,0,0,
,0,/,43,0,0,
,0,/,43,0,0,
,0,/,43,0,0,
,0,/,43,0,0,
,0,/,43,0,0,
,0,/,43,0,0,
,0,/,43,0,0,
,0,/,43,0,0,
,0,/,43,0,0,
,0,/,43,0,0,
,0,/,43,0,0,
,0,/,43,0,0,
,0,/,43,0,0,
,0,/,43,0,0,
,0,/,43,0,0,
,0,/,43,0,0,
,0,/,43,0,0,
,0,/,43,0,0,
,0,/,43,0,0,
,0,/,43,0,0,
,0,/,43,0,0,
,0,/,43,0,0,
,0,/,43,0,0,
,0,/,43,0,0,
,0,/,43,0,0,
,0,/,43,0,0,
,0,/,43,0,0,
,0,/,43,0,0,
,0,/,43,0,0,
,0,/,43,0,0,
,0,/,43,0,0,
,0,/,43,0,0,
,0,/,43,0,0,
,0,/,43,0,0,
,0,/,43,0,0,
,0,/,43,0,0,
,0,/,43,0,0,
,0,/,43,0,0,
,0,/,43,0,0,
,0,/,43,0,0,
,0,/,43,0,0,
,0,/,43,0,0,
,0,/,43,0,0,
,0,/,43,0,0,
,0,/,43,0,0,
,0,/,43,0,0,
,0,/,43,0,0,
,0,/,43,0,0,
,0,/,43,0,0,
,0,/,43,0,0,
,0,/,43,0,0,
,0,/,43,0,0,
,0,/,43,0,0,
,0,/,43,0,0,
,0,/,43,0,0,
,0,/,43,0,0,
,0,/,43,0,0,
,0,/,43,0,0,
,0,/,43,0,0,
,0,/,43,0,0,
,0,/,43,0,0,
,0,/,43,0,0,
,0,/,43,0,0,
,0,/,43,0,0,
,0,/,43,0,0,
,0,/,43,0,0,
,0,/,43,0,0,
,0,/,43,0,0,
,0,/,43,0,0,
,0,/,43,0,0,
,0,/,43,0,0,
,0,/,43,0,0,
,0,/,43,0,0,
,0,/,43,0,0,
,0,/,43,0,0,
,0,/,43,0,0,
,0,/,43,0,0,
,0,/,43,0,0,
,0,/,43,0,0,
,0,/,43,0,0,
,0,/,43,0,0,
,0,/,43,0,0,
,0,/,43,0,0,
,0,/,43,0,0,
,0,/,43,0,0,
,0,/,43,0,0,
,0,/,43,0,0,
,0,/,43,0,0,
,0,/,43,0,0,
,0,/,43,0,0,
,0,/,43,0,0,
,0,/,43,0,0,
,0,/,43,0,0,
,0,/,43,0,0,
,0,/,43,0,0,
,0,/,43,0,0,
,0,/,43,0,0,
,0,/,43,0,0,
,0,/,43,0,0,
,0,/,43,0,0,
,0,/,43,0,0,
,0,/,43,0,0,
,0,/,43,0,0,
,0,/,43,0,0,
,0,/,43,0,0,
,0,/,43,0,0,
,0,/,43,0,0,
,0,/,43,0,0,
,0,/,43,0,0,
,0,/,43,0,0,
,0,/,43,0,0,
,0,/,43,0,0,
,0,/,43,0,0,
,0,/,43,0,0,
,0,/,43,0,0,
,0,/,43,0,0,
,0,/,43,0,0,
,0,/,43,0,0,
,0,/,43,0,0,
,0,/,43,0,0,
,0,/,43,0,0,
,0,/,43,0,0,
,0,/,43,0,0,
,0,/,43,0,0,
,0,/,43,0,0,
,0,/,43,0,0,
,0,/,43,0,0,
,0,/,43,0,0,
,0,/,43,0,0,
,0,/,43,0,0,
,0,/,43,0,0,
,0,/,43,0,0,
,0,/,43,0,0,
,0,/,43,0,0,