,MONDAY,TUESDAY,WEDNESDAY,THURSDAY,FRIDAY,SATURDAY,SUNDAY,,How To Read:,,
Symes,B C D E F,E F,E F,B C D E F,B C D E F,B C D E F,B C D E F,,LETTERS:,,
Shadow,B C D,B C D,B C D,,B C D E,,,,"A,B,C,D,E,F",=,Indicates presence at standard meetup times.
HonorNite,C D E F,C D E F,C D E F,C D E F,B C D E F,B C D E F,B C D E F,,A,=,6 AM PST
Joeyâ˜†Kobalt,C D E,C D E,D E,D E,D E,B C D E,A B C D,,B,=,9 AM PST
Uvu,,B C,B C,,B C D E,B C D E,B C,,C,=,12 PM PST
Ray,D E F,,,,,B C D E F,D E F,,D,=,3 PM PST
Neryth,E F,D E F,D E F,D E F,D E F,E F,E F,,E,=,6 PM PST
playerzero,A B C D E,A B C D E,A B C D E,A B C D E,A B C D E,A B C D E,A B C D E,,F,=,9 PM PST
luckytyphlosion,,,,B C D E,B C D E,D E,D E,,,,
Versel.EXE,D E ,D E,D E,C,D E,B E F,,,,=,Notes contain detailed hours or conditions.
Salad,,D E F,D E F,D E F,D E F,D E F,D E F,,COLOR CODES:,,
Eeveecario,D E F,D E F,D E F,D E F,D E F,,B C D E F,,,=,Mostly Available
Eurasia_M,F,F,C,F,F,C,C,,,=,Somewhat Available
Thiago,D E F,D E F,D E F,D E F,D E F,D E F,D E F,,,=,Unavailable
,,,,,,,,,,,
,,,,,,,,,TIME ZONE CONVERTER,,
,,,,,,,,,link,,